Funcion,Tiempo_ms
Filtrado dEWMA,0.09301185607910156
Seleccion,0.0004093647003173828
Cruza,1.9073486328125e-06
Mutacion,2.1457672119140625e-06
Filtrado dEWMA,0.00019693374633789062
Seleccion,0.0004086494445800781
Cruza,2.384185791015625e-06
Mutacion,2.384185791015625e-06
