N,gamma,alfa,sigma,corrida
7.897749047521005,2.6148695051255912,2.4536393003488137,2.001867047275786,0
10.80326475702585,1.175516796604333,2.4120910223796446,2.1050295541058714,1
