N,gamma,alfa,sigma,corrida
70.0,11.612850093715906,25.77513479029637,5.822973718872699,0
105.0,37.30451287517113,19.650672992658478,5.1098628909582455,1
15.0,18.942231292589423,18.27179550380818,6.996213102540189,2
12.0,20.22552085429296,5.188691434160062,4.415557547597658,3
76.0,7.708651056011976,22.21379683056754,4.21196338979961,4
