N,gamma,alfa,sigma,corrida
90.0,32.80984311275318,19.239590718799366,7.3283906185512855,0
131.0,6.8117251663283005,25.76850318910155,5.586956176387487,1
150.0,32.94596135653442,28.0434202350074,4.8264903039753335,2
145.0,32.09085245714367,14.987975003534418,5.856154476345281,3
53.0,5.728366063926812,19.27827946531705,5.668663081903418,4
