N,gamma,alfa,sigma,corrida
6.208998781526299,1.0483390364950902,1.1866651896811642,2.372248136717327,0
15.507621331301426,1.2952431407628269,2.4745180981099173,2.0360675370960903,1
18.228803562810867,1.259287081708671,2.2023783447785146,2.4610838043636134,2
14.229506401364425,1.3173178742136973,2.454234671482318,2.0447690069228184,3
35.76740586856544,1.527830488851487,2.2963800976966215,2.0262168063064614,4
