N,gamma,alfa,sigma,corrida
172.64188275621632,34.49617049990258,21.434452940501274,3.0855106181802694,0
