N,gamma,alfa,sigma,corrida
5.0,9.933056415911436,2.852106865523182,3.7678024525922926,0,
