N,gamma,alfa,sigma,corrida
137.4819801039631,28.77103993069013,20.722435891031793,4.1245196965496635,0
33.313068533247325,34.34391460832187,21.51513478291232,4.071338840277274,1
134.49354302271166,34.05837097383066,18.00975365430857,4.808387588945115,2
188.4446181563374,40.587371051797604,1.1811087082029004,3.7327305747467254,3
90.0,53.84649142642459,1.0670325330443153,2.926592312509176,4
