N,gamma,alfa,sigma,corrida
43.36338587691602,2.375096934082275,4.2694484460677256,0.23486056805813924,0
24.74196144117401,5.031041646405573,3.1652694631826206,0.12496496007104764,1
21.55622992598997,7.962336314909574,4.167818555063694,0.26963908407615467,2
11.403378646273755,5.299401201529399,3.2433306044411383,0.1088540055164349,3
31.826851775507166,9.730569436325892,2.917244849692061,0.10102283296141329,4
